"","","","Export Quantity Index (2014-2016 = 100) [495]","Export Quantity Index (2014-2016 = 100) [495]","Export Quantity Index (2014-2016 = 100) [495]","Export Unit/Value Index (2014-2016 = 100)","Export Unit/Value Index (2014-2016 = 100)","Export Unit/Value Index (2014-2016 = 100)","Export Value Base Price [95]","Export Value Base Price [95]","Export Value Base Price [95]","Export Value Base Quantity [94]","Export Value Base Quantity [94]","Export Value Base Quantity [94]","Export Value Index (2014-2016 = 100) [492]","Export Value Index (2014-2016 = 100) [492]","Export Value Index (2014-2016 = 100) [492]","Import Quantity Index (2014-2016 = 100) [465]","Import Quantity Index (2014-2016 = 100) [465]","Import Quantity Index (2014-2016 = 100) [465]","Import Unit/Value Index (2014-2016 = 100)","Import Unit/Value Index (2014-2016 = 100)","Import Unit/Value Index (2014-2016 = 100)","Import Value Base Period Price [65]","Import Value Base Period Price [65]","Import Value Base Period Price [65]","Import Value Base Period Quantity [64]","Import Value Base Period Quantity [64]","Import Value Base Period Quantity [64]","Import Value Index (2014-2016 = 100) [462]","Import Value Index (2014-2016 = 100) [462]","Import Value Index (2014-2016 = 100) [462]"
"","","","Unit","Value","Flag Description","Unit","Value","Flag Description","Unit","Value","Flag Description","Unit","Value","Flag Description","Unit","Value","Flag Description","Unit","Value","Flag Description","Unit","Value","Flag Description","Unit","Value","Flag Description","Unit","Value","Flag Description","Unit","Value","Flag Description"
"1990 [1990]","Meat, cattle [867]","Hungary [97]","index","304","Calculated data","index","51","Calculated data","1000 $","110051","Calculated data","1000 $","18373","Calculated data","index","155","Calculated data","index","38","Calculated data","index","28","Calculated data","1000 $","17325","Calculated data","1000 $","12695","Calculated data","index","10","Calculated data"
"1990 [1990]","Meat, cattle [867]","Ireland [104]","index","88","Calculated data","index","50","Calculated data","1000 $","1706663","Calculated data","1000 $","977585","Calculated data","index","45","Calculated data","index","43","Calculated data","index","72","Calculated data","1000 $","47577","Calculated data","1000 $","81369","Calculated data","index","31","Calculated data"
"1990 [1990]","Meat, chicken [1058]","Hungary [97]","index","100","Calculated data","index","43","Calculated data","1000 $","558710","Calculated data","1000 $","238479","Calculated data","index","43","Calculated data","index","2","Calculated data","index","51","Calculated data","1000 $","997","Calculated data","1000 $","30019","Calculated data","index","1","Calculated data"
"1990 [1990]","Meat, chicken [1058]","Ireland [104]","index","22","Calculated data","index","110","Calculated data","1000 $","21097","Calculated data","1000 $","109103","Calculated data","index","24","Calculated data","index","7","Calculated data","index","60","Calculated data","1000 $","23825","Calculated data","1000 $","211066","Calculated data","index","4","Calculated data"
"1990 [1990]","Meat, pig [1035]","Hungary [97]","index","132","Calculated data","index","55","Calculated data","1000 $","489006","Calculated data","1000 $","204559","Calculated data","index","73","Calculated data","index","2","Calculated data","index","95","Calculated data","1000 $","4495","Calculated data","1000 $","253733","Calculated data","index","2","Calculated data"
"1990 [1990]","Meat, pig [1035]","Ireland [104]","index","20","Calculated data","index","101","Calculated data","1000 $","91775","Calculated data","1000 $","467192","Calculated data","index","20","Calculated data","index","15","Calculated data","index","98","Calculated data","1000 $","18668","Calculated data","1000 $","122752","Calculated data","index","15","Calculated data"
"1990 [1990]","Meat, sheep [977]","Hungary [97]","index","834","Calculated data","index","69","Calculated data","1000 $","11764","Calculated data","1000 $","1065","Calculated data","index","629","Calculated data","","","","","","","","","","","","","","",""
"1990 [1990]","Meat, sheep [977]","Ireland [104]","index","125","Calculated data","index","55","Calculated data","1000 $","341079","Calculated data","1000 $","150612","Calculated data","index","69","Calculated data","index","4","Calculated data","index","64","Calculated data","1000 $","1054","Calculated data","1000 $","15444","Calculated data","index","3","Calculated data"
"1991 [1991]","Meat, cattle [867]","Hungary [97]","index","248","Calculated data","index","53","Calculated data","1000 $","89843","Calculated data","1000 $","19346","Calculated data","index","133","Calculated data","index","1","Calculated data","index","39","Calculated data","1000 $","233","Calculated data","1000 $","18149","Calculated data","index","0","Calculated data"
"1991 [1991]","Meat, cattle [867]","Ireland [104]","index","90","Calculated data","index","48","Calculated data","1000 $","1734877","Calculated data","1000 $","940560","Calculated data","index","44","Calculated data","index","64","Calculated data","index","66","Calculated data","1000 $","71906","Calculated data","1000 $","73831","Calculated data","index","43","Calculated data"
"1991 [1991]","Meat, chicken [1058]","Hungary [97]","index","61","Calculated data","index","65","Calculated data","1000 $","342389","Calculated data","1000 $","362597","Calculated data","index","40","Calculated data","index","0","Calculated data","index","8","Calculated data","1000 $","122","Calculated data","1000 $","4876","Calculated data","index","0","Calculated data"
"1991 [1991]","Meat, chicken [1058]","Ireland [104]","index","31","Calculated data","index","111","Calculated data","1000 $","30454","Calculated data","1000 $","110242","Calculated data","index","36","Calculated data","index","7","Calculated data","index","95","Calculated data","1000 $","23124","Calculated data","1000 $","334415","Calculated data","index","7","Calculated data"
"1991 [1991]","Meat, pig [1035]","Hungary [97]","index","137","Calculated data","index","59","Calculated data","1000 $","505874","Calculated data","1000 $","219186","Calculated data","index","81","Calculated data","index","0","Calculated data","index","32","Calculated data","1000 $","44","Calculated data","1000 $","84805","Calculated data","index","0","Calculated data"
"1991 [1991]","Meat, pig [1035]","Ireland [104]","index","28","Calculated data","index","95","Calculated data","1000 $","128141","Calculated data","1000 $","441317","Calculated data","index","27","Calculated data","index","17","Calculated data","index","92","Calculated data","1000 $","21170","Calculated data","1000 $","114616","Calculated data","index","15","Calculated data"
"1991 [1991]","Meat, sheep [977]","Hungary [97]","index","691","Calculated data","index","71","Calculated data","1000 $","9755","Calculated data","1000 $","1086","Calculated data","index","532","Calculated data","","","","","","","","","","","","","index","0","Calculated data"
"1991 [1991]","Meat, sheep [977]","Ireland [104]","index","137","Calculated data","index","56","Calculated data","1000 $","373397","Calculated data","1000 $","153007","Calculated data","index","77","Calculated data","index","3","Calculated data","index","61","Calculated data","1000 $","616","Calculated data","1000 $","14837","Calculated data","index","2","Calculated data"
"1992 [1992]","Meat, cattle [867]","Hungary [97]","index","230","Calculated data","index","58","Calculated data","1000 $","83340","Calculated data","1000 $","20956","Calculated data","index","133","Calculated data","index","67","Calculated data","index","27","Calculated data","1000 $","30991","Calculated data","1000 $","12639","Calculated data","index","19","Calculated data"
"1992 [1992]","Meat, cattle [867]","Ireland [104]","index","111","Calculated data","index","49","Calculated data","1000 $","2140303","Calculated data","1000 $","949885","Calculated data","index","54","Calculated data","index","37","Calculated data","index","80","Calculated data","1000 $","41756","Calculated data","1000 $","89385","Calculated data","index","30","Calculated data"
"1992 [1992]","Meat, chicken [1058]","Hungary [97]","index","36","Calculated data","index","87","Calculated data","1000 $","202082","Calculated data","1000 $","487420","Calculated data","index","32","Calculated data","index","1","Calculated data","index","49","Calculated data","1000 $","696","Calculated data","1000 $","29295","Calculated data","index","1","Calculated data"
"1992 [1992]","Meat, chicken [1058]","Ireland [104]","index","31","Calculated data","index","135","Calculated data","1000 $","29629","Calculated data","1000 $","133655","Calculated data","index","42","Calculated data","index","9","Calculated data","index","105","Calculated data","1000 $","32260","Calculated data","1000 $","370815","Calculated data","index","10","Calculated data"
"1992 [1992]","Meat, pig [1035]","Hungary [97]","index","41","Calculated data","index","90","Calculated data","1000 $","150025","Calculated data","1000 $","332112","Calculated data","index","36","Calculated data","index","5","Calculated data","index","66","Calculated data","1000 $","14136","Calculated data","1000 $","175754","Calculated data","index","4","Calculated data"
"1992 [1992]","Meat, pig [1035]","Ireland [104]","index","37","Calculated data","index","106","Calculated data","1000 $","170512","Calculated data","1000 $","490910","Calculated data","index","39","Calculated data","index","18","Calculated data","index","97","Calculated data","1000 $","22025","Calculated data","1000 $","121990","Calculated data","index","17","Calculated data"
"1992 [1992]","Meat, sheep [977]","Hungary [97]","index","820","Calculated data","index","72","Calculated data","1000 $","11571","Calculated data","1000 $","1106","Calculated data","index","643","Calculated data","index","1","Calculated data","index","165","Calculated data","1000 $","15","Calculated data","1000 $","2700","Calculated data","index","2","Calculated data"
"1992 [1992]","Meat, sheep [977]","Ireland [104]","index","142","Calculated data","index","54","Calculated data","1000 $","386789","Calculated data","1000 $","147971","Calculated data","index","77","Calculated data","index","7","Calculated data","index","61","Calculated data","1000 $","1596","Calculated data","1000 $","14715","Calculated data","index","4","Calculated data"
"1993 [1993]","Meat, cattle [867]","Hungary [97]","index","105","Calculated data","index","75","Calculated data","1000 $","37909","Calculated data","1000 $","27127","Calculated data","index","79","Calculated data","index","177","Calculated data","index","23","Calculated data","1000 $","81352","Calculated data","1000 $","10523","Calculated data","index","41","Calculated data"
"1993 [1993]","Meat, cattle [867]","Ireland [104]","index","107","Calculated data","index","51","Calculated data","1000 $","2077587","Calculated data","1000 $","996706","Calculated data","index","55","Calculated data","index","31","Calculated data","index","68","Calculated data","1000 $","34248","Calculated data","1000 $","75917","Calculated data","index","21","Calculated data"
"1993 [1993]","Meat, chicken [1058]","Hungary [97]","index","38","Calculated data","index","93","Calculated data","1000 $","211830","Calculated data","1000 $","521992","Calculated data","index","35","Calculated data","index","3","Calculated data","index","51","Calculated data","1000 $","1977","Calculated data","1000 $","30095","Calculated data","index","2","Calculated data"
"1993 [1993]","Meat, chicken [1058]","Ireland [104]","index","26","Calculated data","index","110","Calculated data","1000 $","25323","Calculated data","1000 $","109391","Calculated data","index","29","Calculated data","index","10","Calculated data","index","46","Calculated data","1000 $","32753","Calculated data","1000 $","163868","Calculated data","index","5","Calculated data"
"1993 [1993]","Meat, pig [1035]","Hungary [97]","index","33","Calculated data","index","73","Calculated data","1000 $","123336","Calculated data","1000 $","271876","Calculated data","index","25","Calculated data","index","14","Calculated data","index","56","Calculated data","1000 $","36624","Calculated data","1000 $","148267","Calculated data","index","8","Calculated data"
"1993 [1993]","Meat, pig [1035]","Ireland [104]","index","39","Calculated data","index","82","Calculated data","1000 $","178959","Calculated data","1000 $","381731","Calculated data","index","32","Calculated data","index","11","Calculated data","index","77","Calculated data","1000 $","14331","Calculated data","1000 $","96788","Calculated data","index","9","Calculated data"
"1993 [1993]","Meat, sheep [977]","Hungary [97]","index","912","Calculated data","index","56","Calculated data","1000 $","12866","Calculated data","1000 $","852","Calculated data","index","551","Calculated data","","","","","","","","","","","","","index","0","Calculated data"
"1993 [1993]","Meat, sheep [977]","Ireland [104]","index","147","Calculated data","index","47","Calculated data","1000 $","400443","Calculated data","1000 $","127615","Calculated data","index","69","Calculated data","index","2","Calculated data","index","49","Calculated data","1000 $","479","Calculated data","1000 $","11910","Calculated data","index","1","Calculated data"
"1994 [1994]","Meat, cattle [867]","Hungary [97]","index","107","Calculated data","index","85","Calculated data","1000 $","38777","Calculated data","1000 $","30767","Calculated data","index","91","Calculated data","index","276","Calculated data","index","32","Calculated data","1000 $","126990","Calculated data","1000 $","14828","Calculated data","index","89","Calculated data"
"1994 [1994]","Meat, cattle [867]","Ireland [104]","index","129","Calculated data","index","46","Calculated data","1000 $","2500723","Calculated data","1000 $","899269","Calculated data","index","60","Calculated data","index","71","Calculated data","index","66","Calculated data","1000 $","78917","Calculated data","1000 $","73993","Calculated data","index","47","Calculated data"
"1994 [1994]","Meat, chicken [1058]","Hungary [97]","index","41","Calculated data","index","102","Calculated data","1000 $","226608","Calculated data","1000 $","573616","Calculated data","index","42","Calculated data","index","2","Calculated data","index","68","Calculated data","1000 $","1051","Calculated data","1000 $","40595","Calculated data","index","1","Calculated data"
"1994 [1994]","Meat, chicken [1058]","Ireland [104]","index","34","Calculated data","index","110","Calculated data","1000 $","33161","Calculated data","1000 $","108892","Calculated data","index","38","Calculated data","index","16","Calculated data","index","39","Calculated data","1000 $","55143","Calculated data","1000 $","138652","Calculated data","index","6","Calculated data"
"1994 [1994]","Meat, pig [1035]","Hungary [97]","index","31","Calculated data","index","79","Calculated data","1000 $","114224","Calculated data","1000 $","293300","Calculated data","index","24","Calculated data","index","33","Calculated data","index","59","Calculated data","1000 $","88077","Calculated data","1000 $","156359","Calculated data","index","19","Calculated data"
"1994 [1994]","Meat, pig [1035]","Ireland [104]","index","42","Calculated data","index","79","Calculated data","1000 $","191322","Calculated data","1000 $","364946","Calculated data","index","33","Calculated data","index","10","Calculated data","index","85","Calculated data","1000 $","12426","Calculated data","1000 $","106176","Calculated data","index","8","Calculated data"
"1994 [1994]","Meat, sheep [977]","Hungary [97]","index","242","Calculated data","index","79","Calculated data","1000 $","3412","Calculated data","1000 $","1205","Calculated data","index","206","Calculated data","index","0","Calculated data","index","106","Calculated data","1000 $","7","Calculated data","1000 $","1728","Calculated data","index","1","Calculated data"
"1994 [1994]","Meat, sheep [977]","Ireland [104]","index","150","Calculated data","index","50","Calculated data","1000 $","408277","Calculated data","1000 $","135858","Calculated data","index","75","Calculated data","index","3","Calculated data","index","57","Calculated data","1000 $","678","Calculated data","1000 $","13786","Calculated data","index","2","Calculated data"
"1995 [1995]","Meat, cattle [867]","Hungary [97]","index","71","Calculated data","index","96","Calculated data","1000 $","25537","Calculated data","1000 $","34775","Calculated data","index","68","Calculated data","index","137","Calculated data","index","38","Calculated data","1000 $","62837","Calculated data","1000 $","17567","Calculated data","index","52","Calculated data"
"1995 [1995]","Meat, cattle [867]","Ireland [104]","index","132","Calculated data","index","48","Calculated data","1000 $","2547295","Calculated data","1000 $","938184","Calculated data","index","64","Calculated data","index","83","Calculated data","index","66","Calculated data","1000 $","93098","Calculated data","1000 $","74213","Calculated data","index","56","Calculated data"
"1995 [1995]","Meat, chicken [1058]","Hungary [97]","index","55","Calculated data","index","97","Calculated data","1000 $","305147","Calculated data","1000 $","540494","Calculated data","index","53","Calculated data","index","2","Calculated data","index","25","Calculated data","1000 $","1290","Calculated data","1000 $","15061","Calculated data","index","1","Calculated data"
"1995 [1995]","Meat, chicken [1058]","Ireland [104]","index","41","Calculated data","index","106","Calculated data","1000 $","39549","Calculated data","1000 $","105665","Calculated data","index","44","Calculated data","index","16","Calculated data","index","46","Calculated data","1000 $","53697","Calculated data","1000 $","162786","Calculated data","index","7","Calculated data"
"1995 [1995]","Meat, pig [1035]","Hungary [97]","index","40","Calculated data","index","84","Calculated data","1000 $","148239","Calculated data","1000 $","310515","Calculated data","index","34","Calculated data","index","26","Calculated data","index","64","Calculated data","1000 $","69204","Calculated data","1000 $","170840","Calculated data","index","17","Calculated data"
"1995 [1995]","Meat, pig [1035]","Ireland [104]","index","43","Calculated data","index","96","Calculated data","1000 $","200328","Calculated data","1000 $","445000","Calculated data","index","42","Calculated data","index","21","Calculated data","index","92","Calculated data","1000 $","25859","Calculated data","1000 $","115684","Calculated data","index","19","Calculated data"
"1995 [1995]","Meat, sheep [977]","Hungary [97]","index","167","Calculated data","index","80","Calculated data","1000 $","2357","Calculated data","1000 $","1224","Calculated data","index","145","Calculated data","index","64","Calculated data","index","27","Calculated data","1000 $","1013","Calculated data","1000 $","443","Calculated data","index","18","Calculated data"
"1995 [1995]","Meat, sheep [977]","Ireland [104]","index","112","Calculated data","index","50","Calculated data","1000 $","303554","Calculated data","1000 $","136292","Calculated data","index","56","Calculated data","index","9","Calculated data","index","49","Calculated data","1000 $","2234","Calculated data","1000 $","11928","Calculated data","index","5","Calculated data"
"1996 [1996]","Meat, cattle [867]","Hungary [97]","index","84","Calculated data","index","92","Calculated data","1000 $","30301","Calculated data","1000 $","33597","Calculated data","index","78","Calculated data","index","91","Calculated data","index","33","Calculated data","1000 $","41921","Calculated data","1000 $","15077","Calculated data","index","30","Calculated data"
"1996 [1996]","Meat, cattle [867]","Ireland [104]","index","105","Calculated data","index","45","Calculated data","1000 $","2029050","Calculated data","1000 $","871066","Calculated data","index","47","Calculated data","index","30","Calculated data","index","62","Calculated data","1000 $","32938","Calculated data","1000 $","69857","Calculated data","index","19","Calculated data"
"1996 [1996]","Meat, chicken [1058]","Hungary [97]","index","56","Calculated data","index","91","Calculated data","1000 $","310341","Calculated data","1000 $","510948","Calculated data","index","51","Calculated data","index","2","Calculated data","index","44","Calculated data","1000 $","1255","Calculated data","1000 $","25944","Calculated data","index","1","Calculated data"
"1996 [1996]","Meat, chicken [1058]","Ireland [104]","index","42","Calculated data","index","129","Calculated data","1000 $","40329","Calculated data","1000 $","127981","Calculated data","index","55","Calculated data","index","15","Calculated data","index","73","Calculated data","1000 $","51094","Calculated data","1000 $","256409","Calculated data","index","11","Calculated data"
"1996 [1996]","Meat, pig [1035]","Hungary [97]","index","76","Calculated data","index","81","Calculated data","1000 $","282622","Calculated data","1000 $","299261","Calculated data","index","62","Calculated data","index","10","Calculated data","index","68","Calculated data","1000 $","25987","Calculated data","1000 $","182124","Calculated data","index","7","Calculated data"
"1996 [1996]","Meat, pig [1035]","Ireland [104]","index","44","Calculated data","index","105","Calculated data","1000 $","203183","Calculated data","1000 $","489248","Calculated data","index","47","Calculated data","index","29","Calculated data","index","100","Calculated data","1000 $","35895","Calculated data","1000 $","124635","Calculated data","index","29","Calculated data"
"1996 [1996]","Meat, sheep [977]","Hungary [97]","index","211","Calculated data","index","76","Calculated data","1000 $","2978","Calculated data","1000 $","1162","Calculated data","index","174","Calculated data","index","29","Calculated data","index","36","Calculated data","1000 $","463","Calculated data","1000 $","593","Calculated data","index","11","Calculated data"
"1996 [1996]","Meat, sheep [977]","Ireland [104]","index","135","Calculated data","index","60","Calculated data","1000 $","366619","Calculated data","1000 $","162963","Calculated data","index","81","Calculated data","index","19","Calculated data","index","52","Calculated data","1000 $","4577","Calculated data","1000 $","12490","Calculated data","index","10","Calculated data"
"1997 [1997]","Meat, cattle [867]","Hungary [97]","index","83","Calculated data","index","82","Calculated data","1000 $","29846","Calculated data","1000 $","29925","Calculated data","index","68","Calculated data","index","129","Calculated data","index","32","Calculated data","1000 $","59358","Calculated data","1000 $","14561","Calculated data","index","41","Calculated data"
"1997 [1997]","Meat, cattle [867]","Ireland [104]","index","104","Calculated data","index","43","Calculated data","1000 $","2005573","Calculated data","1000 $","834582","Calculated data","index","45","Calculated data","index","9","Calculated data","index","63","Calculated data","1000 $","10486","Calculated data","1000 $","71156","Calculated data","index","6","Calculated data"
"1997 [1997]","Meat, chicken [1058]","Hungary [97]","index","55","Calculated data","index","84","Calculated data","1000 $","310049","Calculated data","1000 $","470430","Calculated data","index","47","Calculated data","index","8","Calculated data","index","44","Calculated data","1000 $","4982","Calculated data","1000 $","26106","Calculated data","index","4","Calculated data"
"1997 [1997]","Meat, chicken [1058]","Ireland [104]","index","47","Calculated data","index","120","Calculated data","1000 $","45532","Calculated data","1000 $","119094","Calculated data","index","58","Calculated data","index","12","Calculated data","index","88","Calculated data","1000 $","39745","Calculated data","1000 $","310463","Calculated data","index","10","Calculated data"
"1997 [1997]","Meat, pig [1035]","Hungary [97]","index","71","Calculated data","index","83","Calculated data","1000 $","262776","Calculated data","1000 $","307659","Calculated data","index","59","Calculated data","index","17","Calculated data","index","74","Calculated data","1000 $","44479","Calculated data","1000 $","197289","Calculated data","index","12","Calculated data"
"1997 [1997]","Meat, pig [1035]","Ireland [104]","index","47","Calculated data","index","90","Calculated data","1000 $","216017","Calculated data","1000 $","419203","Calculated data","index","43","Calculated data","index","27","Calculated data","index","102","Calculated data","1000 $","33878","Calculated data","1000 $","127378","Calculated data","index","28","Calculated data"
"1997 [1997]","Meat, sheep [977]","Hungary [97]","index","215","Calculated data","index","69","Calculated data","1000 $","3038","Calculated data","1000 $","1061","Calculated data","index","162","Calculated data","index","38","Calculated data","index","38","Calculated data","1000 $","602","Calculated data","1000 $","616","Calculated data","index","15","Calculated data"
"1997 [1997]","Meat, sheep [977]","Ireland [104]","index","105","Calculated data","index","61","Calculated data","1000 $","284235","Calculated data","1000 $","166683","Calculated data","index","64","Calculated data","index","27","Calculated data","index","55","Calculated data","1000 $","6594","Calculated data","1000 $","13329","Calculated data","index","15","Calculated data"
"1998 [1998]","Meat, cattle [867]","Hungary [97]","index","41","Calculated data","index","88","Calculated data","1000 $","14737","Calculated data","1000 $","31922","Calculated data","index","36","Calculated data","","","","","","","","","","","","","","",""
"1998 [1998]","Meat, cattle [867]","Ireland [104]","index","112","Calculated data","index","43","Calculated data","1000 $","2169075","Calculated data","1000 $","828662","Calculated data","index","48","Calculated data","index","21","Calculated data","index","68","Calculated data","1000 $","22940","Calculated data","1000 $","76278","Calculated data","index","14","Calculated data"
"1998 [1998]","Meat, chicken [1058]","Hungary [97]","index","64","Calculated data","index","79","Calculated data","1000 $","356284","Calculated data","1000 $","444837","Calculated data","index","51","Calculated data","index","33","Calculated data","index","31","Calculated data","1000 $","19478","Calculated data","1000 $","18632","Calculated data","index","10","Calculated data"
"1998 [1998]","Meat, chicken [1058]","Ireland [104]","index","56","Calculated data","index","98","Calculated data","1000 $","53927","Calculated data","1000 $","97413","Calculated data","index","56","Calculated data","index","18","Calculated data","index","71","Calculated data","1000 $","62829","Calculated data","1000 $","249961","Calculated data","index","13","Calculated data"
"1998 [1998]","Meat, pig [1035]","Hungary [97]","index","55","Calculated data","index","75","Calculated data","1000 $","204467","Calculated data","1000 $","277609","Calculated data","index","41","Calculated data","index","28","Calculated data","index","59","Calculated data","1000 $","74101","Calculated data","1000 $","157837","Calculated data","index","16","Calculated data"
"1998 [1998]","Meat, pig [1035]","Ireland [104]","index","54","Calculated data","index","66","Calculated data","1000 $","247421","Calculated data","1000 $","307065","Calculated data","index","36","Calculated data","index","38","Calculated data","index","81","Calculated data","1000 $","47102","Calculated data","1000 $","101581","Calculated data","index","31","Calculated data"
"1998 [1998]","Meat, sheep [977]","Hungary [97]","index","227","Calculated data","index","71","Calculated data","1000 $","3198","Calculated data","1000 $","1093","Calculated data","index","176","Calculated data","index","35","Calculated data","index","35","Calculated data","1000 $","558","Calculated data","1000 $","574","Calculated data","index","13","Calculated data"
"1998 [1998]","Meat, sheep [977]","Ireland [104]","index","109","Calculated data","index","52","Calculated data","1000 $","297715","Calculated data","1000 $","141159","Calculated data","index","57","Calculated data","index","36","Calculated data","index","52","Calculated data","1000 $","8697","Calculated data","1000 $","12561","Calculated data","index","19","Calculated data"
"1999 [1999]","Meat, cattle [867]","Hungary [97]","index","74","Calculated data","index","84","Calculated data","1000 $","26797","Calculated data","1000 $","30709","Calculated data","index","63","Calculated data","index","4","Calculated data","index","26","Calculated data","1000 $","1970","Calculated data","1000 $","11820","Calculated data","index","1","Calculated data"
"1999 [1999]","Meat, cattle [867]","Ireland [104]","index","145","Calculated data","index","40","Calculated data","1000 $","2815796","Calculated data","1000 $","786998","Calculated data","index","59","Calculated data","index","20","Calculated data","index","55","Calculated data","1000 $","22053","Calculated data","1000 $","61597","Calculated data","index","11","Calculated data"
"1999 [1999]","Meat, chicken [1058]","Hungary [97]","index","57","Calculated data","index","72","Calculated data","1000 $","318644","Calculated data","1000 $","401318","Calculated data","index","41","Calculated data","index","16","Calculated data","index","12","Calculated data","1000 $","9683","Calculated data","1000 $","7203","Calculated data","index","2","Calculated data"
"1999 [1999]","Meat, chicken [1058]","Ireland [104]","index","64","Calculated data","index","109","Calculated data","1000 $","62062","Calculated data","1000 $","107981","Calculated data","index","71","Calculated data","index","35","Calculated data","index","65","Calculated data","1000 $","118998","Calculated data","1000 $","227487","Calculated data","index","23","Calculated data"
"1999 [1999]","Meat, pig [1035]","Hungary [97]","index","72","Calculated data","index","63","Calculated data","1000 $","264512","Calculated data","1000 $","234618","Calculated data","index","45","Calculated data","index","11","Calculated data","index","42","Calculated data","1000 $","30009","Calculated data","1000 $","112676","Calculated data","index","5","Calculated data"
"1999 [1999]","Meat, pig [1035]","Ireland [104]","index","46","Calculated data","index","77","Calculated data","1000 $","212586","Calculated data","1000 $","357598","Calculated data","index","36","Calculated data","index","39","Calculated data","index","91","Calculated data","1000 $","48391","Calculated data","1000 $","113849","Calculated data","index","35","Calculated data"
"1999 [1999]","Meat, sheep [977]","Hungary [97]","index","302","Calculated data","index","63","Calculated data","1000 $","4260","Calculated data","1000 $","968","Calculated data","index","207","Calculated data","index","47","Calculated data","index","51","Calculated data","1000 $","742","Calculated data","1000 $","838","Calculated data","index","25","Calculated data"
"1999 [1999]","Meat, sheep [977]","Ireland [104]","index","127","Calculated data","index","53","Calculated data","1000 $","344674","Calculated data","1000 $","145112","Calculated data","index","68","Calculated data","index","35","Calculated data","index","47","Calculated data","1000 $","8429","Calculated data","1000 $","11390","Calculated data","index","16","Calculated data"
"2000 [2000]","Meat, cattle [867]","Hungary [97]","index","76","Calculated data","index","72","Calculated data","1000 $","27543","Calculated data","1000 $","26156","Calculated data","index","55","Calculated data","index","45","Calculated data","index","28","Calculated data","1000 $","20728","Calculated data","1000 $","12860","Calculated data","index","13","Calculated data"
"2000 [2000]","Meat, cattle [867]","Ireland [104]","index","118","Calculated data","index","38","Calculated data","1000 $","2292773","Calculated data","1000 $","743609","Calculated data","index","46","Calculated data","index","28","Calculated data","index","51","Calculated data","1000 $","30961","Calculated data","1000 $","57226","Calculated data","index","14","Calculated data"
"2000 [2000]","Meat, chicken [1058]","Hungary [97]","index","55","Calculated data","index","72","Calculated data","1000 $","307075","Calculated data","1000 $","400283","Calculated data","index","39","Calculated data","index","64","Calculated data","index","15","Calculated data","1000 $","38412","Calculated data","1000 $","8753","Calculated data","index","9","Calculated data"
"2000 [2000]","Meat, chicken [1058]","Ireland [104]","index","108","Calculated data","index","117","Calculated data","1000 $","105099","Calculated data","1000 $","115845","Calculated data","index","129","Calculated data","index","60","Calculated data","index","43","Calculated data","1000 $","204996","Calculated data","1000 $","150641","Calculated data","index","26","Calculated data"
"2000 [2000]","Meat, pig [1035]","Hungary [97]","index","78","Calculated data","index","64","Calculated data","1000 $","287987","Calculated data","1000 $","238832","Calculated data","index","50","Calculated data","index","22","Calculated data","index","52","Calculated data","1000 $","58987","Calculated data","1000 $","140185","Calculated data","index","12","Calculated data"
"2000 [2000]","Meat, pig [1035]","Ireland [104]","index","49","Calculated data","index","69","Calculated data","1000 $","226490","Calculated data","1000 $","321062","Calculated data","index","34","Calculated data","index","54","Calculated data","index","88","Calculated data","1000 $","67401","Calculated data","1000 $","110572","Calculated data","index","48","Calculated data"
"2000 [2000]","Meat, sheep [977]","Hungary [97]","index","249","Calculated data","index","55","Calculated data","1000 $","3511","Calculated data","1000 $","844","Calculated data","index","149","Calculated data","index","65","Calculated data","index","38","Calculated data","1000 $","1027","Calculated data","1000 $","619","Calculated data","index","25","Calculated data"
"2000 [2000]","Meat, sheep [977]","Ireland [104]","index","121","Calculated data","index","46","Calculated data","1000 $","329050","Calculated data","1000 $","125489","Calculated data","index","56","Calculated data","index","38","Calculated data","index","42","Calculated data","1000 $","9239","Calculated data","1000 $","10255","Calculated data","index","16","Calculated data"
"2001 [2001]","Meat, cattle [867]","Hungary [97]","index","41","Calculated data","index","75","Calculated data","1000 $","14867","Calculated data","1000 $","27341","Calculated data","index","31","Calculated data","index","14","Calculated data","index","22","Calculated data","1000 $","6264","Calculated data","1000 $","10214","Calculated data","index","3","Calculated data"
"2001 [2001]","Meat, cattle [867]","Ireland [104]","index","65","Calculated data","index","46","Calculated data","1000 $","1264065","Calculated data","1000 $","902384","Calculated data","index","30","Calculated data","index","34","Calculated data","index","47","Calculated data","1000 $","37663","Calculated data","1000 $","52264","Calculated data","index","16","Calculated data"
"2001 [2001]","Meat, chicken [1058]","Hungary [97]","index","60","Calculated data","index","80","Calculated data","1000 $","333045","Calculated data","1000 $","449020","Calculated data","index","48","Calculated data","index","79","Calculated data","index","26","Calculated data","1000 $","47187","Calculated data","1000 $","15270","Calculated data","index","20","Calculated data"
"2001 [2001]","Meat, chicken [1058]","Ireland [104]","index","73","Calculated data","index","85","Calculated data","1000 $","71336","Calculated data","1000 $","84679","Calculated data","index","64","Calculated data","index","35","Calculated data","index","85","Calculated data","1000 $","118809","Calculated data","1000 $","299733","Calculated data","index","30","Calculated data"
"2001 [2001]","Meat, pig [1035]","Hungary [97]","index","67","Calculated data","index","87","Calculated data","1000 $","246893","Calculated data","1000 $","322580","Calculated data","index","58","Calculated data","index","25","Calculated data","index","65","Calculated data","1000 $","66402","Calculated data","1000 $","172392","Calculated data","index","16","Calculated data"
"2001 [2001]","Meat, pig [1035]","Ireland [104]","index","57","Calculated data","index","71","Calculated data","1000 $","260327","Calculated data","1000 $","329668","Calculated data","index","40","Calculated data","index","64","Calculated data","index","95","Calculated data","1000 $","80149","Calculated data","1000 $","119483","Calculated data","index","61","Calculated data"
"2001 [2001]","Meat, sheep [977]","Hungary [97]","index","635","Calculated data","index","58","Calculated data","1000 $","8953","Calculated data","1000 $","893","Calculated data","index","402","Calculated data","index","44","Calculated data","index","46","Calculated data","1000 $","698","Calculated data","1000 $","755","Calculated data","index","21","Calculated data"
"2001 [2001]","Meat, sheep [977]","Ireland [104]","index","156","Calculated data","index","56","Calculated data","1000 $","422926","Calculated data","1000 $","152613","Calculated data","index","87","Calculated data","index","42","Calculated data","index","46","Calculated data","1000 $","10042","Calculated data","1000 $","11083","Calculated data","index","19","Calculated data"
"2002 [2002]","Meat, cattle [867]","Hungary [97]","index","58","Calculated data","index","75","Calculated data","1000 $","21021","Calculated data","1000 $","27279","Calculated data","index","44","Calculated data","index","70","Calculated data","index","25","Calculated data","1000 $","32352","Calculated data","1000 $","11367","Calculated data","index","17","Calculated data"
"2002 [2002]","Meat, cattle [867]","Ireland [104]","index","92","Calculated data","index","46","Calculated data","1000 $","1778683","Calculated data","1000 $","890062","Calculated data","index","42","Calculated data","index","44","Calculated data","index","48","Calculated data","1000 $","48732","Calculated data","1000 $","53748","Calculated data","index","21","Calculated data"
"2002 [2002]","Meat, chicken [1058]","Hungary [97]","index","60","Calculated data","index","80","Calculated data","1000 $","334008","Calculated data","1000 $","447413","Calculated data","index","48","Calculated data","index","46","Calculated data","index","33","Calculated data","1000 $","27626","Calculated data","1000 $","19757","Calculated data","index","15","Calculated data"
"2002 [2002]","Meat, chicken [1058]","Ireland [104]","index","66","Calculated data","index","93","Calculated data","1000 $","63602","Calculated data","1000 $","92168","Calculated data","index","62","Calculated data","index","33","Calculated data","index","87","Calculated data","1000 $","113529","Calculated data","1000 $","307208","Calculated data","index","29","Calculated data"
"2002 [2002]","Meat, pig [1035]","Hungary [97]","index","63","Calculated data","index","86","Calculated data","1000 $","231875","Calculated data","1000 $","318304","Calculated data","index","54","Calculated data","index","32","Calculated data","index","60","Calculated data","1000 $","84932","Calculated data","1000 $","159554","Calculated data","index","19","Calculated data"
"2002 [2002]","Meat, pig [1035]","Ireland [104]","index","49","Calculated data","index","70","Calculated data","1000 $","227045","Calculated data","1000 $","326466","Calculated data","index","35","Calculated data","index","59","Calculated data","index","96","Calculated data","1000 $","73652","Calculated data","1000 $","120119","Calculated data","index","56","Calculated data"
"2002 [2002]","Meat, sheep [977]","Hungary [97]","index","89","Calculated data","index","61","Calculated data","1000 $","1262","Calculated data","1000 $","937","Calculated data","index","59","Calculated data","index","61","Calculated data","index","57","Calculated data","1000 $","962","Calculated data","1000 $","928","Calculated data","index","35","Calculated data"
"2002 [2002]","Meat, sheep [977]","Ireland [104]","index","107","Calculated data","index","53","Calculated data","1000 $","291150","Calculated data","1000 $","144751","Calculated data","index","57","Calculated data","index","38","Calculated data","index","53","Calculated data","1000 $","9204","Calculated data","1000 $","12909","Calculated data","index","20","Calculated data"
"2003 [2003]","Meat, cattle [867]","Hungary [97]","index","61","Calculated data","index","95","Calculated data","1000 $","22224","Calculated data","1000 $","34435","Calculated data","index","58","Calculated data","index","43","Calculated data","index","36","Calculated data","1000 $","19868","Calculated data","1000 $","16700","Calculated data","index","16","Calculated data"
"2003 [2003]","Meat, cattle [867]","Ireland [104]","index","100","Calculated data","index","55","Calculated data","1000 $","1940231","Calculated data","1000 $","1073928","Calculated data","index","56","Calculated data","index","46","Calculated data","index","64","Calculated data","1000 $","51730","Calculated data","1000 $","72234","Calculated data","index","30","Calculated data"
"2003 [2003]","Meat, chicken [1058]","Hungary [97]","index","62","Calculated data","index","91","Calculated data","1000 $","345552","Calculated data","1000 $","510920","Calculated data","index","57","Calculated data","index","53","Calculated data","index","36","Calculated data","1000 $","31871","Calculated data","1000 $","21367","Calculated data","index","19","Calculated data"
"2003 [2003]","Meat, chicken [1058]","Ireland [104]","index","74","Calculated data","index","110","Calculated data","1000 $","71739","Calculated data","1000 $","109634","Calculated data","index","83","Calculated data","index","41","Calculated data","index","101","Calculated data","1000 $","140932","Calculated data","1000 $","357603","Calculated data","index","43","Calculated data"
"2003 [2003]","Meat, pig [1035]","Hungary [97]","index","62","Calculated data","index","85","Calculated data","1000 $","228803","Calculated data","1000 $","316419","Calculated data","index","53","Calculated data","index","22","Calculated data","index","67","Calculated data","1000 $","58967","Calculated data","1000 $","178094","Calculated data","index","15","Calculated data"
"2003 [2003]","Meat, pig [1035]","Ireland [104]","index","43","Calculated data","index","87","Calculated data","1000 $","199405","Calculated data","1000 $","402228","Calculated data","index","38","Calculated data","index","60","Calculated data","index","112","Calculated data","1000 $","74820","Calculated data","1000 $","140014","Calculated data","index","67","Calculated data"
"2003 [2003]","Meat, sheep [977]","Hungary [97]","index","174","Calculated data","index","73","Calculated data","1000 $","2457","Calculated data","1000 $","1117","Calculated data","index","138","Calculated data","index","73","Calculated data","index","74","Calculated data","1000 $","1160","Calculated data","1000 $","1200","Calculated data","index","55","Calculated data"
"2003 [2003]","Meat, sheep [977]","Ireland [104]","index","102","Calculated data","index","65","Calculated data","1000 $","276257","Calculated data","1000 $","176186","Calculated data","index","66","Calculated data","index","35","Calculated data","index","72","Calculated data","1000 $","8367","Calculated data","1000 $","17392","Calculated data","index","25","Calculated data"
"2004 [2004]","Meat, cattle [867]","Hungary [97]","index","55","Calculated data","index","127","Calculated data","1000 $","19991","Calculated data","1000 $","46041","Calculated data","index","70","Calculated data","index","53","Calculated data","index","70","Calculated data","1000 $","24122","Calculated data","1000 $","32354","Calculated data","index","37","Calculated data"
"2004 [2004]","Meat, cattle [867]","Ireland [104]","index","88","Calculated data","index","73","Calculated data","1000 $","1706918","Calculated data","1000 $","1425653","Calculated data","index","65","Calculated data","index","71","Calculated data","index","68","Calculated data","1000 $","78832","Calculated data","1000 $","76757","Calculated data","index","49","Calculated data"
"2004 [2004]","Meat, chicken [1058]","Hungary [97]","index","53","Calculated data","index","106","Calculated data","1000 $","293652","Calculated data","1000 $","595593","Calculated data","index","56","Calculated data","index","55","Calculated data","index","41","Calculated data","1000 $","32823","Calculated data","1000 $","24500","Calculated data","index","23","Calculated data"
"2004 [2004]","Meat, chicken [1058]","Ireland [104]","index","65","Calculated data","index","143","Calculated data","1000 $","62959","Calculated data","1000 $","141557","Calculated data","index","95","Calculated data","index","37","Calculated data","index","127","Calculated data","1000 $","127404","Calculated data","1000 $","447093","Calculated data","index","48","Calculated data"
"2004 [2004]","Meat, pig [1035]","Hungary [97]","index","58","Calculated data","index","104","Calculated data","1000 $","215303","Calculated data","1000 $","384195","Calculated data","index","60","Calculated data","index","33","Calculated data","index","120","Calculated data","1000 $","87149","Calculated data","1000 $","320804","Calculated data","index","39","Calculated data"
"2004 [2004]","Meat, pig [1035]","Ireland [104]","index","43","Calculated data","index","106","Calculated data","1000 $","198346","Calculated data","1000 $","492014","Calculated data","index","46","Calculated data","index","76","Calculated data","index","115","Calculated data","1000 $","95508","Calculated data","1000 $","144045","Calculated data","index","88","Calculated data"
"2004 [2004]","Meat, sheep [977]","Hungary [97]","index","213","Calculated data","index","83","Calculated data","1000 $","3011","Calculated data","1000 $","1276","Calculated data","index","193","Calculated data","index","32","Calculated data","index","118","Calculated data","1000 $","514","Calculated data","1000 $","1922","Calculated data","index","39","Calculated data"
"2004 [2004]","Meat, sheep [977]","Ireland [104]","index","114","Calculated data","index","70","Calculated data","1000 $","309794","Calculated data","1000 $","189814","Calculated data","index","80","Calculated data","index","54","Calculated data","index","74","Calculated data","1000 $","13051","Calculated data","1000 $","17869","Calculated data","index","40","Calculated data"
"2005 [2005]","Meat, cattle [867]","Hungary [97]","index","78","Calculated data","index","108","Calculated data","1000 $","28381","Calculated data","1000 $","39238","Calculated data","index","85","Calculated data","index","78","Calculated data","index","74","Calculated data","1000 $","35822","Calculated data","1000 $","33818","Calculated data","index","57","Calculated data"
"2005 [2005]","Meat, cattle [867]","Ireland [104]","index","94","Calculated data","index","79","Calculated data","1000 $","1815993","Calculated data","1000 $","1529139","Calculated data","index","74","Calculated data","index","64","Calculated data","index","80","Calculated data","1000 $","71528","Calculated data","1000 $","90099","Calculated data","index","52","Calculated data"
"2005 [2005]","Meat, chicken [1058]","Hungary [97]","index","45","Calculated data","index","110","Calculated data","1000 $","253470","Calculated data","1000 $","613993","Calculated data","index","50","Calculated data","index","115","Calculated data","index","55","Calculated data","1000 $","68476","Calculated data","1000 $","32776","Calculated data","index","63","Calculated data"
"2005 [2005]","Meat, chicken [1058]","Ireland [104]","index","64","Calculated data","index","165","Calculated data","1000 $","61759","Calculated data","1000 $","163855","Calculated data","index","107","Calculated data","index","54","Calculated data","index","110","Calculated data","1000 $","185103","Calculated data","1000 $","386732","Calculated data","index","61","Calculated data"
"2005 [2005]","Meat, pig [1035]","Hungary [97]","index","62","Calculated data","index","106","Calculated data","1000 $","229809","Calculated data","1000 $","391592","Calculated data","index","66","Calculated data","index","66","Calculated data","index","94","Calculated data","1000 $","174534","Calculated data","1000 $","251109","Calculated data","index","62","Calculated data"
"2005 [2005]","Meat, pig [1035]","Ireland [104]","index","52","Calculated data","index","109","Calculated data","1000 $","237527","Calculated data","1000 $","508280","Calculated data","index","57","Calculated data","index","89","Calculated data","index","123","Calculated data","1000 $","111937","Calculated data","1000 $","153334","Calculated data","index","110","Calculated data"
"2005 [2005]","Meat, sheep [977]","Hungary [97]","index","146","Calculated data","index","57","Calculated data","1000 $","2063","Calculated data","1000 $","875","Calculated data","index","91","Calculated data","index","100","Calculated data","index","83","Calculated data","1000 $","1586","Calculated data","1000 $","1362","Calculated data","index","86","Calculated data"
"2005 [2005]","Meat, sheep [977]","Ireland [104]","index","123","Calculated data","index","70","Calculated data","1000 $","334633","Calculated data","1000 $","191685","Calculated data","index","87","Calculated data","index","42","Calculated data","index","98","Calculated data","1000 $","10242","Calculated data","1000 $","23695","Calculated data","index","42","Calculated data"
"2006 [2006]","Meat, cattle [867]","Hungary [97]","index","47","Calculated data","index","109","Calculated data","1000 $","16825","Calculated data","1000 $","39715","Calculated data","index","51","Calculated data","index","91","Calculated data","index","75","Calculated data","1000 $","41988","Calculated data","1000 $","34535","Calculated data","index","69","Calculated data"
"2006 [2006]","Meat, cattle [867]","Ireland [104]","index","102","Calculated data","index","84","Calculated data","1000 $","1973090","Calculated data","1000 $","1632639","Calculated data","index","86","Calculated data","index","88","Calculated data","index","93","Calculated data","1000 $","98555","Calculated data","1000 $","104496","Calculated data","index","83","Calculated data"
"2006 [2006]","Meat, chicken [1058]","Hungary [97]","index","38","Calculated data","index","112","Calculated data","1000 $","209959","Calculated data","1000 $","626474","Calculated data","index","42","Calculated data","index","82","Calculated data","index","59","Calculated data","1000 $","48838","Calculated data","1000 $","34763","Calculated data","index","48","Calculated data"
"2006 [2006]","Meat, chicken [1058]","Ireland [104]","index","76","Calculated data","index","138","Calculated data","1000 $","73407","Calculated data","1000 $","136986","Calculated data","index","107","Calculated data","index","51","Calculated data","index","118","Calculated data","1000 $","176146","Calculated data","1000 $","414914","Calculated data","index","62","Calculated data"
"2006 [2006]","Meat, pig [1035]","Hungary [97]","index","63","Calculated data","index","109","Calculated data","1000 $","234732","Calculated data","1000 $","405548","Calculated data","index","70","Calculated data","index","57","Calculated data","index","94","Calculated data","1000 $","151136","Calculated data","1000 $","251245","Calculated data","index","54","Calculated data"
"2006 [2006]","Meat, pig [1035]","Ireland [104]","index","46","Calculated data","index","104","Calculated data","1000 $","213618","Calculated data","1000 $","481581","Calculated data","index","48","Calculated data","index","87","Calculated data","index","131","Calculated data","1000 $","109295","Calculated data","1000 $","163516","Calculated data","index","114","Calculated data"
"2006 [2006]","Meat, sheep [977]","Hungary [97]","index","146","Calculated data","index","75","Calculated data","1000 $","2056","Calculated data","1000 $","1149","Calculated data","index","119","Calculated data","index","123","Calculated data","index","99","Calculated data","1000 $","1946","Calculated data","1000 $","1608","Calculated data","index","124","Calculated data"
"2006 [2006]","Meat, sheep [977]","Ireland [104]","index","120","Calculated data","index","72","Calculated data","1000 $","326143","Calculated data","1000 $","197169","Calculated data","index","87","Calculated data","index","52","Calculated data","index","103","Calculated data","1000 $","12499","Calculated data","1000 $","24918","Calculated data","index","53","Calculated data"
"2007 [2007]","Meat, cattle [867]","Hungary [97]","index","88","Calculated data","index","111","Calculated data","1000 $","31703","Calculated data","1000 $","40343","Calculated data","index","98","Calculated data","index","83","Calculated data","index","77","Calculated data","1000 $","38249","Calculated data","1000 $","35580","Calculated data","index","64","Calculated data"
"2007 [2007]","Meat, cattle [867]","Ireland [104]","index","114","Calculated data","index","82","Calculated data","1000 $","2203784","Calculated data","1000 $","1600036","Calculated data","index","94","Calculated data","index","85","Calculated data","index","93","Calculated data","1000 $","94428","Calculated data","1000 $","104999","Calculated data","index","80","Calculated data"
"2007 [2007]","Meat, chicken [1058]","Hungary [97]","index","42","Calculated data","index","149","Calculated data","1000 $","235627","Calculated data","1000 $","835503","Calculated data","index","63","Calculated data","index","84","Calculated data","index","86","Calculated data","1000 $","49899","Calculated data","1000 $","51202","Calculated data","index","72","Calculated data"
"2007 [2007]","Meat, chicken [1058]","Ireland [104]","index","78","Calculated data","index","156","Calculated data","1000 $","75750","Calculated data","1000 $","154794","Calculated data","index","124","Calculated data","index","53","Calculated data","index","131","Calculated data","1000 $","181890","Calculated data","1000 $","462108","Calculated data","index","71","Calculated data"
"2007 [2007]","Meat, pig [1035]","Hungary [97]","index","61","Calculated data","index","116","Calculated data","1000 $","226013","Calculated data","1000 $","429403","Calculated data","index","71","Calculated data","index","52","Calculated data","index","96","Calculated data","1000 $","139620","Calculated data","1000 $","255761","Calculated data","index","50","Calculated data"
"2007 [2007]","Meat, pig [1035]","Ireland [104]","index","49","Calculated data","index","105","Calculated data","1000 $","226124","Calculated data","1000 $","489166","Calculated data","index","52","Calculated data","index","94","Calculated data","index","135","Calculated data","1000 $","117827","Calculated data","1000 $","169541","Calculated data","index","128","Calculated data"
"2007 [2007]","Meat, sheep [977]","Hungary [97]","","","","","","","","","","","","","index","0","Calculated data","index","59","Calculated data","index","119","Calculated data","1000 $","933","Calculated data","1000 $","1941","Calculated data","index","72","Calculated data"
"2007 [2007]","Meat, sheep [977]","Ireland [104]","index","109","Calculated data","index","81","Calculated data","1000 $","297208","Calculated data","1000 $","221245","Calculated data","index","89","Calculated data","index","52","Calculated data","index","108","Calculated data","1000 $","12664","Calculated data","1000 $","26239","Calculated data","index","57","Calculated data"
"2008 [2008]","Meat, cattle [867]","Hungary [97]","index","117","Calculated data","index","136","Calculated data","1000 $","42244","Calculated data","1000 $","49306","Calculated data","index","159","Calculated data","index","91","Calculated data","index","100","Calculated data","1000 $","41840","Calculated data","1000 $","46031","Calculated data","index","91","Calculated data"
"2008 [2008]","Meat, cattle [867]","Ireland [104]","index","95","Calculated data","index","108","Calculated data","1000 $","1845954","Calculated data","1000 $","2098754","Calculated data","index","103","Calculated data","index","110","Calculated data","index","105","Calculated data","1000 $","123138","Calculated data","1000 $","117542","Calculated data","index","116","Calculated data"
"2008 [2008]","Meat, chicken [1058]","Hungary [97]","index","49","Calculated data","index","151","Calculated data","1000 $","274615","Calculated data","1000 $","846290","Calculated data","index","74","Calculated data","index","95","Calculated data","index","104","Calculated data","1000 $","56662","Calculated data","1000 $","61839","Calculated data","index","99","Calculated data"
"2008 [2008]","Meat, chicken [1058]","Ireland [104]","index","66","Calculated data","index","152","Calculated data","1000 $","64441","Calculated data","1000 $","151143","Calculated data","index","103","Calculated data","index","59","Calculated data","index","137","Calculated data","1000 $","202294","Calculated data","1000 $","483604","Calculated data","index","83","Calculated data"
"2008 [2008]","Meat, pig [1035]","Hungary [97]","index","68","Calculated data","index","125","Calculated data","1000 $","251603","Calculated data","1000 $","462337","Calculated data","index","85","Calculated data","index","64","Calculated data","index","118","Calculated data","1000 $","171290","Calculated data","1000 $","314425","Calculated data","index","76","Calculated data"
"2008 [2008]","Meat, pig [1035]","Ireland [104]","index","47","Calculated data","index","107","Calculated data","1000 $","214569","Calculated data","1000 $","495277","Calculated data","index","50","Calculated data","index","89","Calculated data","index","146","Calculated data","1000 $","111679","Calculated data","1000 $","182353","Calculated data","index","130","Calculated data"
"2008 [2008]","Meat, sheep [977]","Hungary [97]","","","","","","","","","","","","","","","","index","21","Calculated data","index","140","Calculated data","1000 $","338","Calculated data","1000 $","2291","Calculated data","index","31","Calculated data"
"2008 [2008]","Meat, sheep [977]","Ireland [104]","index","98","Calculated data","index","89","Calculated data","1000 $","266923","Calculated data","1000 $","241806","Calculated data","index","87","Calculated data","index","69","Calculated data","index","124","Calculated data","1000 $","16596","Calculated data","1000 $","30089","Calculated data","index","86","Calculated data"
"2009 [2009]","Meat, cattle [867]","Hungary [97]","index","130","Calculated data","index","117","Calculated data","1000 $","47146","Calculated data","1000 $","42435","Calculated data","index","153","Calculated data","index","108","Calculated data","index","103","Calculated data","1000 $","49587","Calculated data","1000 $","47586","Calculated data","index","112","Calculated data"
"2009 [2009]","Meat, cattle [867]","Ireland [104]","index","94","Calculated data","index","95","Calculated data","1000 $","1817971","Calculated data","1000 $","1856844","Calculated data","index","90","Calculated data","index","112","Calculated data","index","98","Calculated data","1000 $","125284","Calculated data","1000 $","110167","Calculated data","index","111","Calculated data"
"2009 [2009]","Meat, chicken [1058]","Hungary [97]","index","54","Calculated data","index","120","Calculated data","1000 $","301755","Calculated data","1000 $","673269","Calculated data","index","65","Calculated data","index","87","Calculated data","index","82","Calculated data","1000 $","51808","Calculated data","1000 $","48870","Calculated data","index","71","Calculated data"
"2009 [2009]","Meat, chicken [1058]","Ireland [104]","index","71","Calculated data","index","120","Calculated data","1000 $","69213","Calculated data","1000 $","118703","Calculated data","index","87","Calculated data","index","55","Calculated data","index","121","Calculated data","1000 $","189616","Calculated data","1000 $","425312","Calculated data","index","68","Calculated data"
"2009 [2009]","Meat, pig [1035]","Hungary [97]","index","79","Calculated data","index","108","Calculated data","1000 $","294035","Calculated data","1000 $","401927","Calculated data","index","86","Calculated data","index","75","Calculated data","index","107","Calculated data","1000 $","198534","Calculated data","1000 $","285770","Calculated data","index","80","Calculated data"
"2009 [2009]","Meat, pig [1035]","Ireland [104]","index","49","Calculated data","index","88","Calculated data","1000 $","225340","Calculated data","1000 $","407333","Calculated data","index","43","Calculated data","index","93","Calculated data","index","123","Calculated data","1000 $","116350","Calculated data","1000 $","153697","Calculated data","index","114","Calculated data"
"2009 [2009]","Meat, sheep [977]","Hungary [97]","index","2","Calculated data","index","96","Calculated data","1000 $","27","Calculated data","1000 $","1479","Calculated data","index","2","Calculated data","index","36","Calculated data","index","128","Calculated data","1000 $","573","Calculated data","1000 $","2082","Calculated data","index","47","Calculated data"
"2009 [2009]","Meat, sheep [977]","Ireland [104]","index","94","Calculated data","index","87","Calculated data","1000 $","254500","Calculated data","1000 $","237124","Calculated data","index","82","Calculated data","index","94","Calculated data","index","100","Calculated data","1000 $","22820","Calculated data","1000 $","24174","Calculated data","index","95","Calculated data"
"2010 [2010]","Meat, cattle [867]","Hungary [97]","index","131","Calculated data","index","113","Calculated data","1000 $","47245","Calculated data","1000 $","41008","Calculated data","index","148","Calculated data","index","116","Calculated data","index","94","Calculated data","1000 $","53268","Calculated data","1000 $","43262","Calculated data","index","109","Calculated data"
"2010 [2010]","Meat, cattle [867]","Ireland [104]","index","100","Calculated data","index","89","Calculated data","1000 $","1935683","Calculated data","1000 $","1734142","Calculated data","index","90","Calculated data","index","125","Calculated data","index","101","Calculated data","1000 $","138903","Calculated data","1000 $","113367","Calculated data","index","127","Calculated data"
"2010 [2010]","Meat, chicken [1058]","Hungary [97]","index","68","Calculated data","index","109","Calculated data","1000 $","377617","Calculated data","1000 $","607601","Calculated data","index","73","Calculated data","index","84","Calculated data","index","83","Calculated data","1000 $","50230","Calculated data","1000 $","49513","Calculated data","index","70","Calculated data"
"2010 [2010]","Meat, chicken [1058]","Ireland [104]","index","108","Calculated data","index","98","Calculated data","1000 $","104401","Calculated data","1000 $","97540","Calculated data","index","108","Calculated data","index","57","Calculated data","index","113","Calculated data","1000 $","195287","Calculated data","1000 $","397632","Calculated data","index","66","Calculated data"
"2010 [2010]","Meat, pig [1035]","Hungary [97]","index","118","Calculated data","index","100","Calculated data","1000 $","435420","Calculated data","1000 $","369997","Calculated data","index","118","Calculated data","index","95","Calculated data","index","98","Calculated data","1000 $","253134","Calculated data","1000 $","262920","Calculated data","index","94","Calculated data"
"2010 [2010]","Meat, pig [1035]","Ireland [104]","index","61","Calculated data","index","87","Calculated data","1000 $","282477","Calculated data","1000 $","405505","Calculated data","index","54","Calculated data","index","80","Calculated data","index","109","Calculated data","1000 $","99526","Calculated data","1000 $","136273","Calculated data","index","87","Calculated data"
"2010 [2010]","Meat, sheep [977]","Hungary [97]","index","48","Calculated data","index","119","Calculated data","1000 $","681","Calculated data","1000 $","1827","Calculated data","index","63","Calculated data","index","60","Calculated data","index","111","Calculated data","1000 $","955","Calculated data","1000 $","1806","Calculated data","index","69","Calculated data"
"2010 [2010]","Meat, sheep [977]","Ireland [104]","index","81","Calculated data","index","98","Calculated data","1000 $","219475","Calculated data","1000 $","265985","Calculated data","index","79","Calculated data","index","74","Calculated data","index","104","Calculated data","1000 $","17879","Calculated data","1000 $","25114","Calculated data","index","77","Calculated data"
"2011 [2011]","Meat, cattle [867]","Hungary [97]","index","120","Calculated data","index","136","Calculated data","1000 $","43452","Calculated data","1000 $","49452","Calculated data","index","164","Calculated data","index","130","Calculated data","index","109","Calculated data","1000 $","59501","Calculated data","1000 $","50092","Calculated data","index","141","Calculated data"
"2011 [2011]","Meat, cattle [867]","Ireland [104]","index","106","Calculated data","index","103","Calculated data","1000 $","2044285","Calculated data","1000 $","1998849","Calculated data","index","109","Calculated data","index","129","Calculated data","index","104","Calculated data","1000 $","144191","Calculated data","1000 $","117036","Calculated data","index","136","Calculated data"
"2011 [2011]","Meat, chicken [1058]","Hungary [97]","index","81","Calculated data","index","121","Calculated data","1000 $","450957","Calculated data","1000 $","677056","Calculated data","index","98","Calculated data","index","114","Calculated data","index","89","Calculated data","1000 $","68200","Calculated data","1000 $","52847","Calculated data","index","101","Calculated data"
"2011 [2011]","Meat, chicken [1058]","Ireland [104]","index","134","Calculated data","index","89","Calculated data","1000 $","129633","Calculated data","1000 $","88782","Calculated data","index","122","Calculated data","index","60","Calculated data","index","123","Calculated data","1000 $","206683","Calculated data","1000 $","434889","Calculated data","index","76","Calculated data"
"2011 [2011]","Meat, pig [1035]","Hungary [97]","index","113","Calculated data","index","110","Calculated data","1000 $","416794","Calculated data","1000 $","409495","Calculated data","index","125","Calculated data","index","106","Calculated data","index","117","Calculated data","1000 $","281198","Calculated data","1000 $","312386","Calculated data","index","124","Calculated data"
"2011 [2011]","Meat, pig [1035]","Ireland [104]","index","73","Calculated data","index","98","Calculated data","1000 $","334564","Calculated data","1000 $","456830","Calculated data","index","72","Calculated data","index","102","Calculated data","index","95","Calculated data","1000 $","127448","Calculated data","1000 $","119534","Calculated data","index","97","Calculated data"
"2011 [2011]","Meat, sheep [977]","Hungary [97]","index","23","Calculated data","index","200","Calculated data","1000 $","320","Calculated data","1000 $","3064","Calculated data","index","49","Calculated data","index","98","Calculated data","index","132","Calculated data","1000 $","1549","Calculated data","1000 $","2155","Calculated data","index","133","Calculated data"
"2011 [2011]","Meat, sheep [977]","Ireland [104]","index","89","Calculated data","index","109","Calculated data","1000 $","241545","Calculated data","1000 $","298575","Calculated data","index","98","Calculated data","index","75","Calculated data","index","103","Calculated data","1000 $","18181","Calculated data","1000 $","25010","Calculated data","index","78","Calculated data"
"2012 [2012]","Meat, cattle [867]","Hungary [97]","index","120","Calculated data","index","134","Calculated data","1000 $","43383","Calculated data","1000 $","48772","Calculated data","index","162","Calculated data","index","90","Calculated data","index","115","Calculated data","1000 $","41523","Calculated data","1000 $","53011","Calculated data","index","104","Calculated data"
"2012 [2012]","Meat, cattle [867]","Ireland [104]","index","89","Calculated data","index","111","Calculated data","1000 $","1732056","Calculated data","1000 $","2163454","Calculated data","index","100","Calculated data","index","107","Calculated data","index","98","Calculated data","1000 $","118941","Calculated data","1000 $","110202","Calculated data","index","105","Calculated data"
"2012 [2012]","Meat, chicken [1058]","Hungary [97]","index","88","Calculated data","index","114","Calculated data","1000 $","490133","Calculated data","1000 $","640762","Calculated data","index","101","Calculated data","index","96","Calculated data","index","74","Calculated data","1000 $","57206","Calculated data","1000 $","43702","Calculated data","index","70","Calculated data"
"2012 [2012]","Meat, chicken [1058]","Ireland [104]","index","101","Calculated data","index","106","Calculated data","1000 $","97865","Calculated data","1000 $","105437","Calculated data","index","110","Calculated data","index","66","Calculated data","index","111","Calculated data","1000 $","227470","Calculated data","1000 $","391338","Calculated data","index","75","Calculated data"
"2012 [2012]","Meat, pig [1035]","Hungary [97]","index","101","Calculated data","index","109","Calculated data","1000 $","373945","Calculated data","1000 $","406039","Calculated data","index","111","Calculated data","index","112","Calculated data","index","128","Calculated data","1000 $","297398","Calculated data","1000 $","342426","Calculated data","index","144","Calculated data"
"2012 [2012]","Meat, pig [1035]","Ireland [104]","index","79","Calculated data","index","104","Calculated data","1000 $","364537","Calculated data","1000 $","481805","Calculated data","index","83","Calculated data","index","85","Calculated data","index","121","Calculated data","1000 $","106972","Calculated data","1000 $","151168","Calculated data","index","103","Calculated data"
"2012 [2012]","Meat, sheep [977]","Hungary [97]","index","17","Calculated data","index","193","Calculated data","1000 $","240","Calculated data","1000 $","2965","Calculated data","index","36","Calculated data","index","58","Calculated data","index","139","Calculated data","1000 $","918","Calculated data","1000 $","2272","Calculated data","index","83","Calculated data"
"2012 [2012]","Meat, sheep [977]","Ireland [104]","index","100","Calculated data","index","100","Calculated data","1000 $","271956","Calculated data","1000 $","272224","Calculated data","index","100","Calculated data","index","83","Calculated data","index","116","Calculated data","1000 $","20005","Calculated data","1000 $","27996","Calculated data","index","96","Calculated data"
"2013 [2013]","Meat, cattle [867]","Hungary [97]","index","116","Calculated data","index","127","Calculated data","1000 $","41944","Calculated data","1000 $","46045","Calculated data","index","148","Calculated data","index","79","Calculated data","index","117","Calculated data","1000 $","36140","Calculated data","1000 $","54008","Calculated data","index","93","Calculated data"
"2013 [2013]","Meat, cattle [867]","Ireland [104]","index","89","Calculated data","index","115","Calculated data","1000 $","1715863","Calculated data","1000 $","2235690","Calculated data","index","102","Calculated data","index","93","Calculated data","index","109","Calculated data","1000 $","103898","Calculated data","1000 $","122372","Calculated data","index","102","Calculated data"
"2013 [2013]","Meat, chicken [1058]","Hungary [97]","index","92","Calculated data","index","114","Calculated data","1000 $","513805","Calculated data","1000 $","637848","Calculated data","index","105","Calculated data","index","117","Calculated data","index","89","Calculated data","1000 $","69988","Calculated data","1000 $","52664","Calculated data","index","104","Calculated data"
"2013 [2013]","Meat, chicken [1058]","Ireland [104]","index","65","Calculated data","index","130","Calculated data","1000 $","62826","Calculated data","1000 $","129345","Calculated data","index","86","Calculated data","index","72","Calculated data","index","118","Calculated data","1000 $","248465","Calculated data","1000 $","415610","Calculated data","index","87","Calculated data"
"2013 [2013]","Meat, pig [1035]","Hungary [97]","index","98","Calculated data","index","109","Calculated data","1000 $","363375","Calculated data","1000 $","405114","Calculated data","index","108","Calculated data","index","100","Calculated data","index","122","Calculated data","1000 $","266400","Calculated data","1000 $","326597","Calculated data","index","123","Calculated data"
"2013 [2013]","Meat, pig [1035]","Ireland [104]","index","77","Calculated data","index","118","Calculated data","1000 $","355321","Calculated data","1000 $","546702","Calculated data","index","92","Calculated data","index","108","Calculated data","index","103","Calculated data","1000 $","135543","Calculated data","1000 $","128324","Calculated data","index","111","Calculated data"
"2013 [2013]","Meat, sheep [977]","Hungary [97]","index","66","Calculated data","index","92","Calculated data","1000 $","935","Calculated data","1000 $","1417","Calculated data","index","67","Calculated data","index","94","Calculated data","index","97","Calculated data","1000 $","1483","Calculated data","1000 $","1577","Calculated data","index","93","Calculated data"
"2013 [2013]","Meat, sheep [977]","Ireland [104]","index","98","Calculated data","index","108","Calculated data","1000 $","266310","Calculated data","1000 $","293697","Calculated data","index","106","Calculated data","index","97","Calculated data","index","111","Calculated data","1000 $","23344","Calculated data","1000 $","26822","Calculated data","index","107","Calculated data"
"2014 [2014]","Meat, cattle [867]","Hungary [97]","index","93","Calculated data","index","112","Calculated data","1000 $","33488","Calculated data","1000 $","40578","Calculated data","index","104","Calculated data","index","95","Calculated data","index","108","Calculated data","1000 $","43452","Calculated data","1000 $","49589","Calculated data","index","102","Calculated data"
"2014 [2014]","Meat, cattle [867]","Ireland [104]","index","97","Calculated data","index","108","Calculated data","1000 $","1868721","Calculated data","1000 $","2107172","Calculated data","index","105","Calculated data","index","93","Calculated data","index","115","Calculated data","1000 $","103674","Calculated data","1000 $","129160","Calculated data","index","108","Calculated data"
"2014 [2014]","Meat, chicken [1058]","Hungary [97]","index","97","Calculated data","index","112","Calculated data","1000 $","542469","Calculated data","1000 $","629427","Calculated data","index","109","Calculated data","index","120","Calculated data","index","105","Calculated data","1000 $","71527","Calculated data","1000 $","62286","Calculated data","index","125","Calculated data"
"2014 [2014]","Meat, chicken [1058]","Ireland [104]","index","82","Calculated data","index","123","Calculated data","1000 $","79893","Calculated data","1000 $","122453","Calculated data","index","104","Calculated data","index","85","Calculated data","index","122","Calculated data","1000 $","291665","Calculated data","1000 $","428908","Calculated data","index","106","Calculated data"
"2014 [2014]","Meat, pig [1035]","Hungary [97]","index","97","Calculated data","index","115","Calculated data","1000 $","357956","Calculated data","1000 $","425631","Calculated data","index","111","Calculated data","index","94","Calculated data","index","116","Calculated data","1000 $","251552","Calculated data","1000 $","310390","Calculated data","index","110","Calculated data"
"2014 [2014]","Meat, pig [1035]","Ireland [104]","index","89","Calculated data","index","115","Calculated data","1000 $","408662","Calculated data","1000 $","532829","Calculated data","index","103","Calculated data","index","108","Calculated data","index","99","Calculated data","1000 $","135224","Calculated data","1000 $","124444","Calculated data","index","107","Calculated data"
"2014 [2014]","Meat, sheep [977]","Hungary [97]","index","51","Calculated data","index","118","Calculated data","1000 $","714","Calculated data","1000 $","1809","Calculated data","index","65","Calculated data","index","80","Calculated data","index","117","Calculated data","1000 $","1270","Calculated data","1000 $","1912","Calculated data","index","97","Calculated data"
"2014 [2014]","Meat, sheep [977]","Ireland [104]","index","91","Calculated data","index","106","Calculated data","1000 $","246534","Calculated data","1000 $","289841","Calculated data","index","97","Calculated data","index","104","Calculated data","index","103","Calculated data","1000 $","25162","Calculated data","1000 $","24928","Calculated data","index","107","Calculated data"
"2015 [2015]","Meat, cattle [867]","Hungary [97]","index","99","Calculated data","index","97","Calculated data","1000 $","35916","Calculated data","1000 $","35188","Calculated data","index","97","Calculated data","index","99","Calculated data","index","94","Calculated data","1000 $","45382","Calculated data","1000 $","43252","Calculated data","index","93","Calculated data"
"2015 [2015]","Meat, cattle [867]","Ireland [104]","index","92","Calculated data","index","100","Calculated data","1000 $","1771648","Calculated data","1000 $","1954078","Calculated data","index","92","Calculated data","index","98","Calculated data","index","100","Calculated data","1000 $","109644","Calculated data","1000 $","112130","Calculated data","index","99","Calculated data"
"2015 [2015]","Meat, chicken [1058]","Hungary [97]","index","98","Calculated data","index","94","Calculated data","1000 $","545390","Calculated data","1000 $","525495","Calculated data","index","92","Calculated data","index","90","Calculated data","index","97","Calculated data","1000 $","53875","Calculated data","1000 $","57687","Calculated data","index","87","Calculated data"
"2015 [2015]","Meat, chicken [1058]","Ireland [104]","index","106","Calculated data","index","94","Calculated data","1000 $","102673","Calculated data","1000 $","93778","Calculated data","index","102","Calculated data","index","120","Calculated data","index","79","Calculated data","1000 $","412222","Calculated data","1000 $","278988","Calculated data","index","97","Calculated data"
"2015 [2015]","Meat, pig [1035]","Hungary [97]","index","103","Calculated data","index","89","Calculated data","1000 $","382014","Calculated data","1000 $","331920","Calculated data","index","93","Calculated data","index","95","Calculated data","index","89","Calculated data","1000 $","253932","Calculated data","1000 $","237719","Calculated data","index","85","Calculated data"
"2015 [2015]","Meat, pig [1035]","Ireland [104]","index","101","Calculated data","index","90","Calculated data","1000 $","467177","Calculated data","1000 $","417094","Calculated data","index","92","Calculated data","index","98","Calculated data","index","101","Calculated data","1000 $","122425","Calculated data","1000 $","126290","Calculated data","index","99","Calculated data"
"2015 [2015]","Meat, sheep [977]","Hungary [97]","index","67","Calculated data","index","100","Calculated data","1000 $","948","Calculated data","1000 $","1537","Calculated data","index","73","Calculated data","index","92","Calculated data","index","100","Calculated data","1000 $","1454","Calculated data","1000 $","1637","Calculated data","index","95","Calculated data"
"2015 [2015]","Meat, sheep [977]","Ireland [104]","index","98","Calculated data","index","97","Calculated data","1000 $","265510","Calculated data","1000 $","264561","Calculated data","index","95","Calculated data","index","110","Calculated data","index","95","Calculated data","1000 $","26479","Calculated data","1000 $","23024","Calculated data","index","104","Calculated data"
"2016 [2016]","Meat, cattle [867]","Hungary [97]","index","108","Calculated data","index","92","Calculated data","1000 $","39123","Calculated data","1000 $","33315","Calculated data","index","100","Calculated data","index","107","Calculated data","index","98","Calculated data","1000 $","48969","Calculated data","1000 $","45179","Calculated data","index","105","Calculated data"
"2016 [2016]","Meat, cattle [867]","Ireland [104]","index","112","Calculated data","index","91","Calculated data","1000 $","2166528","Calculated data","1000 $","1772588","Calculated data","index","103","Calculated data","index","109","Calculated data","index","85","Calculated data","1000 $","121186","Calculated data","1000 $","95827","Calculated data","index","93","Calculated data"
"2016 [2016]","Meat, chicken [1058]","Hungary [97]","index","105","Calculated data","index","94","Calculated data","1000 $","588296","Calculated data","1000 $","524319","Calculated data","index","99","Calculated data","index","90","Calculated data","index","98","Calculated data","1000 $","53431","Calculated data","1000 $","57971","Calculated data","index","87","Calculated data"
"2016 [2016]","Meat, chicken [1058]","Ireland [104]","index","112","Calculated data","index","82","Calculated data","1000 $","108618","Calculated data","1000 $","81488","Calculated data","index","94","Calculated data","index","95","Calculated data","index","99","Calculated data","1000 $","327923","Calculated data","1000 $","350005","Calculated data","index","97","Calculated data"
"2016 [2016]","Meat, pig [1035]","Hungary [97]","index","100","Calculated data","index","96","Calculated data","1000 $","369859","Calculated data","1000 $","355320","Calculated data","index","96","Calculated data","index","110","Calculated data","index","95","Calculated data","1000 $","293305","Calculated data","1000 $","253129","Calculated data","index","105","Calculated data"
"2016 [2016]","Meat, pig [1035]","Ireland [104]","index","110","Calculated data","index","95","Calculated data","1000 $","506165","Calculated data","1000 $","442626","Calculated data","index","106","Calculated data","index","94","Calculated data","index","100","Calculated data","1000 $","117803","Calculated data","1000 $","124777","Calculated data","index","94","Calculated data"
"2016 [2016]","Meat, sheep [977]","Hungary [97]","index","182","Calculated data","index","82","Calculated data","1000 $","2571","Calculated data","1000 $","1254","Calculated data","index","162","Calculated data","index","128","Calculated data","index","82","Calculated data","1000 $","2034","Calculated data","1000 $","1346","Calculated data","index","109","Calculated data"
"2016 [2016]","Meat, sheep [977]","Ireland [104]","index","112","Calculated data","index","97","Calculated data","1000 $","303698","Calculated data","1000 $","263790","Calculated data","index","108","Calculated data","index","86","Calculated data","index","102","Calculated data","1000 $","20837","Calculated data","1000 $","24673","Calculated data","index","88","Calculated data"
"2017 [2017]","Meat, cattle [867]","Hungary [97]","index","106","Calculated data","index","109","Calculated data","1000 $","38474","Calculated data","1000 $","39510","Calculated data","index","116","Calculated data","index","119","Calculated data","index","105","Calculated data","1000 $","54853","Calculated data","1000 $","48523","Calculated data","index","126","Calculated data"
"2017 [2017]","Meat, cattle [867]","Ireland [104]","index","113","Calculated data","index","97","Calculated data","1000 $","2193158","Calculated data","1000 $","1894889","Calculated data","index","111","Calculated data","index","120","Calculated data","index","79","Calculated data","1000 $","133824","Calculated data","1000 $","88695","Calculated data","index","95","Calculated data"
"2017 [2017]","Meat, chicken [1058]","Hungary [97]","index","85","Calculated data","index","98","Calculated data","1000 $","475879","Calculated data","1000 $","551032","Calculated data","index","84","Calculated data","index","138","Calculated data","index","108","Calculated data","1000 $","82325","Calculated data","1000 $","64251","Calculated data","index","149","Calculated data"
"2017 [2017]","Meat, chicken [1058]","Ireland [104]","index","146","Calculated data","index","72","Calculated data","1000 $","141408","Calculated data","1000 $","71116","Calculated data","index","107","Calculated data","index","87","Calculated data","index","101","Calculated data","1000 $","299256","Calculated data","1000 $","355648","Calculated data","index","90","Calculated data"
"2017 [2017]","Meat, pig [1035]","Hungary [97]","index","103","Calculated data","index","103","Calculated data","1000 $","380262","Calculated data","1000 $","382688","Calculated data","index","106","Calculated data","index","116","Calculated data","index","107","Calculated data","1000 $","308769","Calculated data","1000 $","285893","Calculated data","index","125","Calculated data"
"2017 [2017]","Meat, pig [1035]","Ireland [104]","index","115","Calculated data","index","94","Calculated data","1000 $","530066","Calculated data","1000 $","437944","Calculated data","index","109","Calculated data","index","109","Calculated data","index","94","Calculated data","1000 $","136528","Calculated data","1000 $","117567","Calculated data","index","102","Calculated data"
"2017 [2017]","Meat, sheep [977]","Hungary [97]","index","148","Calculated data","index","80","Calculated data","1000 $","2090","Calculated data","1000 $","1227","Calculated data","index","129","Calculated data","index","111","Calculated data","index","85","Calculated data","1000 $","1755","Calculated data","1000 $","1388","Calculated data","index","97","Calculated data"
"2017 [2017]","Meat, sheep [977]","Ireland [104]","index","128","Calculated data","index","97","Calculated data","1000 $","348526","Calculated data","1000 $","263272","Calculated data","index","124","Calculated data","index","116","Calculated data","index","101","Calculated data","1000 $","28046","Calculated data","1000 $","24521","Calculated data","index","118","Calculated data"
"2018 [2018]","Meat, cattle [867]","Hungary [97]","index","114","Calculated data","index","126","Calculated data","1000 $","41076","Calculated data","1000 $","45994","Calculated data","index","144","Calculated data","index","126","Calculated data","index","115","Calculated data","1000 $","58028","Calculated data","1000 $","52807","Calculated data","index","145","Calculated data"
"2018 [2018]","Meat, cattle [867]","Ireland [104]","index","112","Calculated data","index","104","Calculated data","1000 $","2169615","Calculated data","1000 $","2015229","Calculated data","index","117","Calculated data","index","194","Calculated data","index","59","Calculated data","1000 $","216157","Calculated data","1000 $","66638","Calculated data","index","116","Calculated data"
"2018 [2018]","Meat, chicken [1058]","Hungary [97]","index","98","Calculated data","index","111","Calculated data","1000 $","545980","Calculated data","1000 $","619566","Calculated data","index","108","Calculated data","index","140","Calculated data","index","128","Calculated data","1000 $","83286","Calculated data","1000 $","75740","Calculated data","index","178","Calculated data"
"2018 [2018]","Meat, chicken [1058]","Ireland [104]","index","138","Calculated data","index","89","Calculated data","1000 $","134127","Calculated data","1000 $","88517","Calculated data","index","126","Calculated data","index","93","Calculated data","index","109","Calculated data","1000 $","318769","Calculated data","1000 $","385757","Calculated data","index","104","Calculated data"
"2018 [2018]","Meat, pig [1035]","Hungary [97]","index","95","Calculated data","index","90","Calculated data","1000 $","352555","Calculated data","1000 $","335314","Calculated data","index","86","Calculated data","index","125","Calculated data","index","97","Calculated data","1000 $","333965","Calculated data","1000 $","260171","Calculated data","index","123","Calculated data"
"2018 [2018]","Meat, pig [1035]","Ireland [104]","index","112","Calculated data","index","97","Calculated data","1000 $","515279","Calculated data","1000 $","448274","Calculated data","index","109","Calculated data","index","122","Calculated data","index","87","Calculated data","1000 $","152909","Calculated data","1000 $","108458","Calculated data","index","106","Calculated data"
"2018 [2018]","Meat, sheep [977]","Hungary [97]","index","212","Calculated data","index","84","Calculated data","1000 $","2998","Calculated data","1000 $","1287","Calculated data","index","194","Calculated data","index","116","Calculated data","index","96","Calculated data","1000 $","1836","Calculated data","1000 $","1565","Calculated data","index","114","Calculated data"
"2018 [2018]","Meat, sheep [977]","Ireland [104]","index","122","Calculated data","index","108","Calculated data","1000 $","332802","Calculated data","1000 $","293860","Calculated data","index","132","Calculated data","index","121","Calculated data","index","111","Calculated data","1000 $","29277","Calculated data","1000 $","26961","Calculated data","index","135","Calculated data"
"2019 [2019]","Meat, cattle [867]","Hungary [97]","index","111","Calculated data","index","114","Calculated data","1000 $","40265","Calculated data","1000 $","41571","Calculated data","index","128","Calculated data","index","135","Calculated data","index","107","Calculated data","1000 $","62156","Calculated data","1000 $","49278","Calculated data","index","145","Calculated data"
"2019 [2019]","Meat, cattle [867]","Ireland [104]","index","113","Calculated data","index","92","Calculated data","1000 $","2187906","Calculated data","1000 $","1787774","Calculated data","index","104","Calculated data","index","107","Calculated data","index","95","Calculated data","1000 $","119713","Calculated data","1000 $","106608","Calculated data","index","103","Calculated data"
"2019 [2019]","Meat, chicken [1058]","Hungary [97]","index","107","Calculated data","index","93","Calculated data","1000 $","596764","Calculated data","1000 $","518089","Calculated data","index","99","Calculated data","index","183","Calculated data","index","106","Calculated data","1000 $","109260","Calculated data","1000 $","63064","Calculated data","index","194","Calculated data"
"2019 [2019]","Meat, chicken [1058]","Ireland [104]","index","167","Calculated data","index","80","Calculated data","1000 $","161763","Calculated data","1000 $","79311","Calculated data","index","136","Calculated data","index","79","Calculated data","index","106","Calculated data","1000 $","270038","Calculated data","1000 $","372029","Calculated data","index","85","Calculated data"
"2019 [2019]","Meat, pig [1035]","Hungary [97]","index","109","Calculated data","index","94","Calculated data","1000 $","401600","Calculated data","1000 $","348365","Calculated data","index","102","Calculated data","index","129","Calculated data","index","107","Calculated data","1000 $","343521","Calculated data","1000 $","286769","Calculated data","index","139","Calculated data"
"2019 [2019]","Meat, pig [1035]","Ireland [104]","index","103","Calculated data","index","103","Calculated data","1000 $","474284","Calculated data","1000 $","477028","Calculated data","index","107","Calculated data","index","101","Calculated data","index","113","Calculated data","1000 $","126726","Calculated data","1000 $","141076","Calculated data","index","114","Calculated data"
"2019 [2019]","Meat, sheep [977]","Hungary [97]","index","200","Calculated data","index","82","Calculated data","1000 $","2824","Calculated data","1000 $","1254","Calculated data","index","178","Calculated data","index","117","Calculated data","index","91","Calculated data","1000 $","1858","Calculated data","1000 $","1477","Calculated data","index","109","Calculated data"
"2019 [2019]","Meat, sheep [977]","Ireland [104]","index","125","Calculated data","index","99","Calculated data","1000 $","338772","Calculated data","1000 $","270534","Calculated data","index","124","Calculated data","index","159","Calculated data","index","101","Calculated data","1000 $","38504","Calculated data","1000 $","24351","Calculated data","index","161","Calculated data"
"2020 [2020]","Meat, cattle [867]","Hungary [97]","index","107","Calculated data","index","109","Calculated data","1000 $","38760","Calculated data","1000 $","39469","Calculated data","index","117","Calculated data","index","122","Calculated data","index","106","Calculated data","1000 $","55901","Calculated data","1000 $","48681","Calculated data","index","129","Calculated data"
"2020 [2020]","Meat, cattle [867]","Ireland [104]","index","113","Calculated data","index","96","Calculated data","1000 $","2183934","Calculated data","1000 $","1872811","Calculated data","index","109","Calculated data","index","104","Calculated data","index","102","Calculated data","1000 $","115963","Calculated data","1000 $","114881","Calculated data","index","107","Calculated data"
"2020 [2020]","Meat, chicken [1058]","Hungary [97]","index","92","Calculated data","index","79","Calculated data","1000 $","515772","Calculated data","1000 $","441217","Calculated data","index","73","Calculated data","index","212","Calculated data","index","105","Calculated data","1000 $","126357","Calculated data","1000 $","62102","Calculated data","index","221","Calculated data"
"2020 [2020]","Meat, chicken [1058]","Ireland [104]","index","169","Calculated data","index","78","Calculated data","1000 $","164278","Calculated data","1000 $","77353","Calculated data","index","135","Calculated data","index","70","Calculated data","index","93","Calculated data","1000 $","239081","Calculated data","1000 $","328064","Calculated data","index","66","Calculated data"
"2020 [2020]","Meat, pig [1035]","Hungary [97]","index","110","Calculated data","index","93","Calculated data","1000 $","405591","Calculated data","1000 $","346271","Calculated data","index","103","Calculated data","index","102","Calculated data","index","115","Calculated data","1000 $","272523","Calculated data","1000 $","307858","Calculated data","index","118","Calculated data"
"2020 [2020]","Meat, pig [1035]","Ireland [104]","index","108","Calculated data","index","107","Calculated data","1000 $","498827","Calculated data","1000 $","498241","Calculated data","index","117","Calculated data","index","111","Calculated data","index","135","Calculated data","1000 $","138357","Calculated data","1000 $","168775","Calculated data","index","149","Calculated data"
"2020 [2020]","Meat, sheep [977]","Hungary [97]","index","194","Calculated data","index","101","Calculated data","1000 $","2737","Calculated data","1000 $","1556","Calculated data","index","214","Calculated data","index","51","Calculated data","index","95","Calculated data","1000 $","808","Calculated data","1000 $","1555","Calculated data","index","50","Calculated data"
"2020 [2020]","Meat, sheep [977]","Ireland [104]","index","130","Calculated data","index","110","Calculated data","1000 $","354446","Calculated data","1000 $","299293","Calculated data","index","143","Calculated data","index","150","Calculated data","index","113","Calculated data","1000 $","36350","Calculated data","1000 $","27474","Calculated data","index","171","Calculated data"
"","","","","","","","","","","","","","","","","","","","","","","","","","","","","","","","",""
"","","","","","","","","","","","","","","","","","","","","","","","","","","","","","","","",""
